{
    "interactionModel": {
        "languageModel": {
            "invocationName": "youtube",
            "intents": [
                {
                    "name": "AMAZON.CancelIntent",
                    "samples": []
                },
                {
                    "name": "AMAZON.HelpIntent",
                    "samples": []
                },
                {
                    "name": "AMAZON.StopIntent",
                    "samples": []
                },
                {
                    "name": "AMAZON.PauseIntent",
                    "samples": []
                },
                {
                    "name": "AMAZON.ResumeIntent",
                    "samples": []
                },
                {
                    "name": "SearchIntent",
                    "slots": [
                        {
                            "name": "query",
                            "type": "AMAZON.SearchQuery"
                        }
                    ],
                    "samples": [
                        "di ascoltare {query}",
                        "di ascoltare la canzone {query}",
                        "di ascoltare la canzone di {query}",
                        "di ascoltare le canzoni {query}",
                        "di ascoltare le canzoni di {query}",
                        "di cercare {query}",
                        "di cercare musica di {query}",
                        "di cercare canzone di {query}",
                        "di cercare canzoni di {query}",
                        "di cercare le canzoni di {query}",
                        "di cercare la canzoni di {query}",
                        "di mettere {query}",
                        "di mettere musica {query}",
                        "di mettere musica di {query}",
                        "di mettere musica dei {query}",
                        "di mettere la musica di {query}",
                        "di mettere la musica dei {query}",
                        "di mettere canzoni {query}",
                        "di mettere canzone {query}",
                        "di mettere la canzone {query}",
                        "di mettere la canzone di {query}",
                        "di mettere la canzone dei {query}",
                        "di mettere canzoni di {query}",
                        "di mettere canzoni dei {query}",
                        "di mettere le canzoni di {query}",
                        "di mettere le canzoni dei {query}",
                        "metti musica di {query}",
                        "metti canzoni di {query}",
                        "metti canzone di {query}",
                        "metti la canzone di {query}",
                        "metti canzone {query}",
                        "suona musica di {query}",
                        "suona canzoni di {query}",
                        "suona canzone di {query}",
                        "suona la canzone di {query}",
                        "suona canzone {query}",
                        "canzone di {query}",
                        "canzone {query}",
                        "metti il video di {query}",
                        "metti video di {query}",
                        "metti video {query}",
                        "cera {query}",
                        "suona {query}",
                        "metti {query}"
                    ]
                },
                {
                    "name": "ShuffleIntent",
                    "slots": [
                        {
                            "name": "query",
                            "type": "AMAZON.SearchQuery"
                        }
                    ],
                    "samples": [
                        "di mescolare {query}",
                        "di mescolare le canzoni di {query}",
                        "di mescolare le canzoni dei {query}",
                        "di mescolare la musica di {query}",
                        "di mescolare la musica dei {query}",
                        "mescola {query}",
                        "mescola le canzoni di {query}",
                        "mescola la musica di {query}",
                        "mescola i video di {query}"
                    ]
                },
                {
                    "name": "PlaylistIntent",
                    "slots": [
                        {
                            "name": "query",
                            "type": "AMAZON.SearchQuery"
                        }
                    ],
                    "samples": [
                        "Metti playlist {query}",
                        "Ascolta la playlist {query}",
                        "Suona playlist {query}"
                    ]
                },
                {
                    "name": "ShufflePlaylistIntent",
                    "slots": [
                        {
                            "name": "query",
                            "type": "AMAZON.SearchQuery"
                        }
                    ],
                    "samples": [
                        "Mescola playlist {query}"
                    ]
                },
                {
                    "name": "ChannelIntent",
                    "slots": [
                        {
                            "name": "query",
                            "type": "AMAZON.SearchQuery"
                        }
                    ],
                    "samples": [
                        "Ascolta il canale {query}",
                        "Ascolta canale {query} ",
                        "Suona canale {query}",
                        "Suona il canale {query}"
                    ]
                },
                {
                    "name": "ShuffleChannelIntent",
                    "slots": [
                        {
                            "name": "query",
                            "type": "AMAZON.SearchQuery"
                        }
                    ],
                    "samples": [
                        "Mescola canale {query}"
                    ]
                },"di mettere la musica di {query}",
                {
                    "name": "NowPlayingIntent",
                    "slots": [],
                    "samples": [
                        "Chi è questo",
                        "Che canzone è",
                        "Che canzone stai riproducendo",
                        "Che canzone c'è in onda",
                        "Che canzone è in onda",
                        "Cos'è questo",
                        "Cosa sta suonando",
                        "Cosa sta andando in onda"
                    ]
                },
                {
                    "name": "AMAZON.YesIntent",
                    "samples": []
                },
                {
                    "name": "AMAZON.NoIntent",
                    "samples": []
                }
            ],
            "types": []
        }
    }
}
