{
    "interactionModel": {
        "languageModel": {
            "invocationName": "youtube",
            "intents": [
                {
                    "name": "AMAZON.CancelIntent",
                    "samples": []
                },
                {
                    "name": "AMAZON.HelpIntent",
                    "samples": []
                },
                {
                    "name": "AMAZON.StopIntent",
                    "samples": []
                },
                {
                    "name": "AMAZON.PauseIntent",
                    "samples": []
                },
                {
                    "name": "AMAZON.ResumeIntent",
                    "samples": []
                },
                {
                    "name": "SearchIntent",
                    "slots": [
                        {
                            "name": "query",
                            "type": "AMAZON.SearchQuery"
                        }
                    ],
                    "samples": [
                        "ascoltare {query}",
                        "ascoltare la canzone {query}",
                        "ascoltare la canzone di {query}",
                        "ascoltare le canzoni {query}",
                        "ascoltare le canzoni di {query}",
                        "cercare {query}",
                        "cercare musica di {query}",
                        "cercare canzone di {query}",
                        "cercare canzoni di {query}",
                        "cercare le canzoni di {query}",
                        "cercare la canzoni di {query}",
                        "mettere {query}",
                        "mettere musica {query}",
                        "mettere musica di {query}",
                        "mettere musica dei {query}",
                        "mettere la musica di {query}",
                        "mettere la musica dei {query}",
                        "mettere canzoni {query}",
                        "mettere canzone {query}",
                        "mettere la canzone {query}",
                        "mettere la canzone di {query}",
                        "mettere la canzone dei {query}",
                        "mettere canzoni di {query}",
                        "mettere canzoni dei {query}",
                        "mettere le canzoni di {query}",
                        "mettere le canzoni dei {query}",
                        "metti musica di {query}",
                        "metti canzoni di {query}",
                        "metti canzone di {query}",
                        "metti la canzone di {query}",
                        "metti canzone {query}",
                        "suona musica di {query}",
                        "suona canzoni di {query}",
                        "suona canzone di {query}",
                        "suona la canzone di {query}",
                        "suona canzone {query}",
                        "canzone di {query}",
                        "canzone {query}",
                        "metti il video di {query}",
                        "metti video di {query}",
                        "metti video {query}",
                        "cerca {query}",
                        "suona {query}",
                        "metti {query}"
                    ]
                },
                {
                    "name": "ShuffleIntent",
                    "slots": [
                        {
                            "name": "query",
                            "type": "AMAZON.SearchQuery"
                        }
                    ],
                    "samples": [
                        "mescolare {query}",
                        "mescolare le canzoni di {query}",
                        "mescolare le canzoni dei {query}",
                        "mescolare la musica di {query}",
                        "mescolare la musica dei {query}",
                        "mescola {query}",
                        "mescola le canzoni di {query}",
                        "mescola la musica di {query}",
                        "mescola i video di {query}"
                    ]
                },
                {
                    "name": "PlaylistIntent",
                    "slots": [
                        {
                            "name": "query",
                            "type": "AMAZON.SearchQuery"
                        }
                    ],
                    "samples": [
                        "Metti playlist {query}",
                        "Ascolta la playlist {query}",
                        "Suona playlist {query}"
                    ]
                },
                {
                    "name": "ShufflePlaylistIntent",
                    "slots": [
                        {
                            "name": "query",
                            "type": "AMAZON.SearchQuery"
                        }
                    ],
                    "samples": [
                        "Mescola playlist {query}"
                    ]
                },
                {
                    "name": "ChannelIntent",
                    "slots": [
                        {
                            "name": "query",
                            "type": "AMAZON.SearchQuery"
                        }
                    ],
                    "samples": [
                        "Ascolta il canale {query}",
                        "ascoltare il canale {query}",
                        "mettere il canale {query}",
                        "Ascolta canale {query} ",
                        "Suona canale {query}",
                        "Suona il canale {query}"
                    ]
                },
                {
                    "name": "ShuffleChannelIntent",
                    "slots": [
                        {
                            "name": "query",
                            "type": "AMAZON.SearchQuery"
                        }
                    ],
                    "samples": [
                        "Mescola canale {query}"
                    ]
                },
                {
                    "name": "NowPlayingIntent",
                    "slots": [],
                    "samples": [
                        "Che canzone è",
                        "Che canzone stai riproducendo",
                        "Che canzone c'è in onda",
                        "Che canzone è in onda"
                    ]
                },
                {
                    "name": "AMAZON.YesIntent",
                    "samples": []
                },
                {
                    "name": "AMAZON.NoIntent",
                    "samples": []
                }
            ],
            "types": []
        }
    }
}
